Date,Open,High,Low,Close,Volume
2025-08-13,28.5,28.59,28.36,28.4,26375331.0
2025-08-12,28.14,28.7,28.14,28.48,30756695.0
2025-08-11,28.18,28.28,28.08,28.14,20601296.0
2025-08-08,28.07,28.25,28.03,28.08,23598154.0
2025-08-07,27.445,28.11,27.285,28.06,35331424.0
2025-08-06,27.94,28.06,27.445,27.49,39247208.0
2025-08-05,27.72,27.97,27.67,27.77,25317437.0
2025-08-04,27.79,27.92,27.57,27.68,29972358.0
2025-08-01,27.64,27.93,27.34,27.75,38817012.0
2025-07-31,27.35,27.72,27.31,27.41,34119967.0
2025-07-30,27.34,27.7086,27.24,27.5,30096121.0
2025-07-29,27.625,27.9299,27.32,27.41,34202391.0
2025-07-28,27.93,27.93,27.535,27.6,29164422.0
2025-07-25,27.9,28.35,27.75,28.0,33987753.0
2025-07-24,27.77,28.17,27.69,27.92,47332696.0
2025-07-23,26.17,27.75,25.85,27.75,65616334.0
2025-07-22,27.45,27.76,27.22,27.42,35255755.0
2025-07-21,27.455,27.72,27.25,27.38,36229541.0
2025-07-18,26.97,27.04,26.8,26.94,27427897.0
2025-07-17,26.8,27.05,26.77,26.99,24546391.0
2025-07-16,27.02,27.11,26.88,26.95,21934373.0
2025-07-15,26.925,27.12,26.785,27.02,32266225.0
2025-07-14,27.02,27.51,27.015,27.16,30746998.0
2025-07-11,27.545,27.545,26.615,26.97,42713336.0
2025-07-10,27.76,27.82,27.48,27.62,25058997.0
2025-07-09,28.33,28.38,27.96,28.1,34453790.0
2025-07-08,28.24,28.46,28.08,28.29,24955428.0
2025-07-07,28.42,28.47,28.2231,28.41,22448669.0
2025-07-03,28.28,28.41,28.13,28.36,21085177.0
2025-07-02,28.81,29.03,28.29,28.31,47012268.0
2025-07-01,28.99,29.19,28.7,28.88,25976356.0
2025-06-30,28.1242,29.02,28.1,28.94,42590802.0
2025-06-27,28.0,28.18,27.895,28.08,37337226.0
2025-06-26,27.98,28.1,27.8,28.0,25118495.0
2025-06-25,28.14,28.35,27.875,27.92,26189420.0
2025-06-24,28.155,28.35,28.025,28.28,26007027.0
2025-06-23,27.8,28.295,27.8,28.2,32957212.0
2025-06-20,27.68,28.11,27.62,27.77,51495228.0
2025-06-18,27.76,27.83,27.59,27.66,27985482.0
2025-06-17,27.85,27.965,27.59,27.65,35258619.0
2025-06-16,28.15,28.39,27.78,27.97,32761406.0
2025-06-13,28.23,28.34,28.11,28.19,22428227.0
2025-06-12,28.46,28.47,28.12,28.27,23311737.0
2025-06-11,28.48,28.61,28.245,28.34,32164490.0
2025-06-10,27.91,28.61,27.85,28.42,39959081.0
2025-06-09,27.83,28.08,27.83,27.86,23353581.0
2025-06-06,27.77,28.1,27.77,28.08,22403085.0
2025-06-05,27.43,27.8481,27.33,27.76,29189994.0
2025-06-04,27.955,27.97,27.22,27.36,33913507.0
2025-06-03,27.89,28.13,27.645,27.96,26085931.0
2025-06-02,27.65,27.96,27.6,27.93,26935164.0
2025-05-30,27.39,27.8,27.35,27.8,47964949.0
2025-05-29,27.48,27.505,27.27,27.38,27192328.0
2025-05-28,27.375,27.6199,27.31,27.5,32270173.0
2025-05-27,27.355,27.63,27.32,27.39,33329202.0
2025-05-23,27.475,27.53,27.16,27.42,31766316.0
2025-05-22,27.58,27.71,27.21,27.23,25901603.0
2025-05-21,27.68,27.765,27.41,27.47,29684175.0
2025-05-20,28.05,28.255,27.75,27.78,24966613.0
2025-05-19,27.76,28.04,27.71,28.02,30996583.0
2025-05-16,27.37,27.7686,27.12,27.72,31105982.0
2025-05-15,26.6,27.4,26.595,27.33,35278664.0
2025-05-14,26.43,26.59,26.3,26.44,31519450.0
2025-05-13,27.05,27.13,26.31,26.45,58767134.0
2025-05-12,27.09,27.3,26.67,27.01,57106063.0
2025-05-09,27.56,28.02,27.4248,27.84,29206946.0
2025-05-08,28.0,28.04,27.45,27.47,30141462.0
2025-05-07,28.04,28.395,27.95,28.1,28358125.0
2025-05-06,27.54,28.235,27.5,28.16,32491681.0
2025-05-05,27.56,27.69,27.16,27.51,21335346.0
2025-05-02,27.6,27.78,27.36,27.61,22928350.0
2025-05-01,27.5,27.78,27.27,27.64,37367601.0
2025-04-30,27.6,27.89,27.32,27.7,38877132.0
2025-04-29,27.095,27.44,27.05,27.3,25015767.0
2025-04-28,26.9,27.265,26.795,27.26,24156015.0
2025-04-25,27.46,27.52,26.625,26.81,37050292.0
2025-04-24,27.17,27.83,27.1402,27.53,43640821.0
2025-04-23,26.535,27.32,26.12,27.19,43351001.0
2025-04-22,26.0,27.36,25.98,26.96,50906760.0
2025-04-21,27.16,27.28,26.16,26.33,46225990.0
2025-04-17,27.18,27.49,27.01,27.15,24870252.0
2025-04-16,27.74,27.78,26.94,27.02,27835881.0
2025-04-15,27.5,27.63,27.26,27.5,25721334.0
2025-04-14,26.63,27.35,26.575,27.2,27042809.0
2025-04-11,26.58,26.9,26.3647,26.79,32057593.0
2025-04-10,26.24,26.76,25.9,26.39,51467892.0
2025-04-09,26.09,26.855,25.2,26.47,77738749.0
2025-04-08,27.01,27.19,26.03,26.39,55717140.0
2025-04-07,25.18,27.225,25.1,26.83,74875359.0
2025-04-04,28.0,28.43,26.53,26.64,61360982.0
2025-04-03,28.54,29.03,28.45,28.6,48912278.0
2025-04-02,28.41,28.59,28.01,28.14,41574761.0
2025-04-01,28.4,28.61,28.22,28.48,43986376.0
2025-03-31,28.26,28.56,28.21,28.28,50156533.0
2025-03-28,28.35,28.51,28.0619,28.18,35085252.0
2025-03-27,27.77,28.42,27.64,28.2,43000103.0
2025-03-26,27.405,27.84,27.36,27.65,42607090.0
2025-03-25,26.97,27.56,26.97,27.31,42339650.0
2025-03-24,26.86,27.22,26.835,26.96,26863268.0
2025-03-21,26.81,27.21,26.64,27.02,91268550.0
2025-03-20,26.9,26.93,26.68,26.79,27272269.0
2025-03-19,26.65,26.935,26.4503,26.84,30145684.0
2025-03-18,26.795,26.98,26.56,26.61,30365554.0
2025-03-17,26.57,26.93,26.25,26.83,45569996.0
2025-03-14,25.8,26.65,25.75,26.58,37591277.0
2025-03-13,25.79,26.46,25.76,26.09,37698480.0
2025-03-12,25.63,25.86,24.89,25.72,62383222.0
2025-03-11,26.47,26.825,25.59,26.01,74574312.0
2025-03-10,27.11,27.455,26.68,27.28,57820809.0
2025-03-07,26.67,27.21,26.6,27.12,35341922.0
2025-03-06,26.22,26.79,26.055,26.73,32211563.0
2025-03-05,26.065,26.39,25.83,26.18,42010125.0
2025-03-04,27.8,27.97,26.12,26.22,89479652.0
2025-03-03,27.27,27.86,27.19,27.72,45078608.0
2025-02-28,27.0,27.49,27.0,27.41,62510756.0
2025-02-27,26.64,26.965,26.57,26.9,32943311.0
2025-02-26,26.56,26.83,26.43,26.57,39296511.0
2025-02-25,26.87,27.16,26.26,26.65,52497244.0
2025-02-24,26.615,27.125,26.6,26.74,54549587.0
2025-02-21,26.08,26.72,25.97,26.62,58421456.0
2025-02-20,26.2,26.28,25.94,26.15,32753934.0
2025-02-19,26.22,26.35,26.07,26.24,30551542.0
2025-02-18,25.71,26.18,25.71,26.07,52442460.0
2025-02-14,25.67,25.93,25.6,25.87,31687786.0
2025-02-13,25.47,25.735,25.36,25.63,35115139.0
2025-02-12,25.15,25.38,25.055,25.36,38970312.0
2025-02-11,24.9,25.18,24.8,25.15,35150255.0
2025-02-10,24.605,24.94,24.6,24.86,31913392.0
2025-02-07,24.45,24.73,24.245,24.54,26290096.0
2025-02-06,24.5,24.56,24.3,24.45,24522477.0
2025-02-05,24.46,24.575,24.28,24.47,29511716.0
2025-02-04,24.21,24.43,24.0739,24.25,30540243.0
2025-02-03,23.69,24.43,23.67,24.25,59555827.0
2025-01-31,24.01,24.14,23.66,23.73,40347633.0
2025-01-30,24.165,24.23,23.775,24.02,45653010.0
2025-01-29,24.71,24.98,24.2,24.23,34420436.0
2025-01-28,24.06,24.58,23.92,24.4,55731396.0
2025-01-27,23.5,24.365,23.35,24.14,92445184.0
2025-01-24,22.55,22.79,22.54,22.72,44409176.0
2025-01-23,22.34,22.66,22.22,22.53,32125222.0
2025-01-22,22.38,22.475,22.02,22.32,31676416.0
2025-01-21,22.21,22.54,22.21,22.49,36777555.0
2025-01-17,22.09,22.37,21.98,22.29,33638001.0
2025-01-16,22.0,22.13,21.84,22.02,25639592.0
2025-01-15,21.98,22.09,21.88,21.91,50559890.0
2025-01-14,21.52,21.82,21.38,21.8,25627303.0
2025-01-13,21.63,21.68,21.4,21.56,37865591.0
2025-01-10,21.88,22.04,21.49,21.69,41572438.0
2025-01-08,22.13,22.245,21.66,22.18,35517848.0
2025-01-07,22.54,22.645,22.16,22.2,37143499.0
2025-01-06,22.755,22.77,22.53,22.6,34416015.0
2025-01-03,22.9,22.96,22.65,22.67,26879830.0
2025-01-02,22.83,23.17,22.8,22.83,27108202.0
2024-12-31,22.62,22.85,22.6,22.77,22342840.0
2024-12-30,22.78,22.78,22.44,22.61,25419992.0
2024-12-27,22.88,23.07,22.815,22.86,18547501.0
2024-12-26,22.92,23.15,22.875,22.96,16445916.0
2024-12-24,22.84,22.9894,22.76,22.95,9605933.0
2024-12-23,22.67,22.87,22.59,22.84,24655636.0
2024-12-20,22.58,22.75,22.52,22.75,93983992.0
2024-12-19,22.505,22.68,22.41,22.57,43160753.0
2024-12-18,22.802,22.985,22.46,22.48,38897364.0
2024-12-17,22.8,22.98,22.6717,22.83,39844716.0
2024-12-16,23.71,23.81,22.61,22.84,48018072.0
2024-12-13,23.37,23.67,23.26,23.63,33693907.0
2024-12-12,23.58,23.74,23.36,23.36,22014960.0
2024-12-11,23.43,23.5399,23.14,23.48,38518059.0
2024-12-10,23.41,23.66,23.11,23.51,32851500.0
2024-12-09,23.9,23.99,23.34,23.37,38385903.0
2024-12-06,23.825,23.9,23.56,23.88,34218763.0
2024-12-05,23.605,23.89,23.58,23.83,40155616.0
2024-12-04,23.67,23.825,23.37,23.53,41534169.0
2024-12-03,23.41,24.03,23.38,23.74,63128687.0
2024-12-02,23.15,23.16,22.64,22.7,44160559.0
2024-11-29,23.27,23.305,23.01,23.16,19673928.0
2024-11-27,23.2,23.38,23.01,23.27,33206296.0
2024-11-26,22.94,23.11,22.87,23.09,30080346.0
2024-11-25,23.15,23.32,22.95,23.1,64729771.0
2024-11-22,23.05,23.29,22.935,23.18,35732870.0
2024-11-21,22.8,23.15,22.73,22.98,23080891.0
2024-11-20,22.8,22.9,22.735,22.83,20423059.0
2024-11-19,22.88,22.92,22.68,22.73,24727693.0
2024-11-18,22.785,23.2,22.78,22.99,35675532.0
2024-11-15,22.24,22.75,22.195,22.68,40207263.0
2024-11-14,22.3,22.46,22.22,22.25,20825101.0
2024-11-13,22.17,22.39,22.06,22.3,29345575.0
2024-11-12,22.21,22.29,21.79,22.15,39579538.0
2024-11-11,22.28,22.48,22.245,22.31,23464952.0
2024-11-08,22.05,22.43,22.05,22.34,29901560.0
2024-11-07,22.39,22.39,21.96,22.04,31471825.0
2024-11-06,22.11,22.39,21.97,22.32,32259156.0
2024-11-05,21.9,22.17,21.8313,22.05,26461793.0
2024-11-04,22.14,22.25,21.79,21.92,24318470.0
2024-11-01,22.53,22.73,22.07,22.12,37169974.0
2024-10-31,22.06,22.595,22.03,22.54,59566746.0
2024-10-30,22.13,22.255,21.9,22.02,36264938.0
2024-10-29,21.99,22.36,21.92,22.18,32711091.0
2024-10-28,21.92,22.15,21.8202,22.11,27923763.0
2024-10-25,22.3,22.41,21.81,21.83,26050390.0
2024-10-24,22.4,22.48,22.06,22.2,38783140.0
2024-10-23,21.24,22.58,21.05,22.49,71932604.0
2024-10-22,21.25,21.62,21.05,21.5,47781946.0
2024-10-21,21.88,21.97,21.65,21.66,29366229.0
2024-10-18,21.73,22.06,21.63,21.85,27277372.0
2024-10-17,21.56,21.77,21.53,21.73,25471185.0
2024-10-16,21.52,21.76,21.48,21.71,23926948.0
2024-10-15,21.39,21.61,21.23,21.51,35942564.0
2024-10-14,21.36,21.41,21.255,21.26,33512226.0
2024-10-11,21.3,21.445,21.2219,21.37,25249822.0
2024-10-10,21.6,21.68,21.21,21.22,28738527.0
2024-10-09,21.87,22.0,21.785,21.93,25365377.0
2024-10-08,21.92,21.98,21.72,21.86,22716402.0
2024-10-07,21.91,21.91,21.67,21.78,23116341.0
2024-10-04,21.7,21.98,21.48,21.91,24545359.0
2024-10-03,22.13,22.225,21.97,22.05,28894730.0
2024-10-02,22.05,22.24,22.0,22.19,29820074.0
2024-10-01,21.93,22.15,21.835,22.13,32705539.0
2024-09-30,22.003,22.065,21.665,22.0,26272691.0
2024-09-27,21.72,21.935,21.6831,21.9,23577660.0
2024-09-26,21.49,21.76,21.43,21.65,25497511.0
2024-09-25,21.62,21.74,21.52,21.56,28334844.0
2024-09-24,21.38,21.66,21.31,21.59,25905467.0
2024-09-23,21.54,21.595,21.36,21.49,25550282.0
2024-09-20,21.3,21.62,21.23,21.54,94156523.0
2024-09-19,21.65,21.7,21.18,21.36,40942189.0
2024-09-18,21.84,21.995,21.64,21.73,27825576.0
2024-09-17,22.07,22.1,21.71,21.78,29304421.0
2024-09-16,21.84,22.34,21.79,22.27,53733360.0
2024-09-13,21.57,21.67,21.435,21.64,31451268.0
2024-09-12,21.33,21.64,21.17,21.59,34568175.0
2024-09-11,21.615,21.615,21.24,21.45,37328455.0
2024-09-10,21.45,21.86,21.3306,21.71,60944519.0
2024-09-09,20.96,21.6,20.925,21.5,58958375.0
2024-09-06,20.65,21.0,20.65,20.97,53079539.0
2024-09-05,20.71,20.83,20.52,20.65,44199090.0
2024-09-04,20.49,20.87,20.25,20.57,57532376.0
2024-09-03,19.93,20.45,19.92,20.43,50352595.0
2024-08-30,19.76,19.91,19.7,19.9,29362657.0
2024-08-29,19.8,19.85,19.62,19.76,20775554.0
2024-08-28,19.68,19.91,19.67,19.82,20435528.0
2024-08-27,19.74,19.795,19.595,19.65,20321899.0
2024-08-26,19.76,19.94,19.7035,19.76,22599676.0
2024-08-23,19.54,19.76,19.51,19.73,21519295.0
2024-08-22,19.56,19.58,19.4,19.51,17596666.0
2024-08-21,19.52,19.59,19.4211,19.54,20055497.0
2024-08-20,19.46,19.58,19.385,19.49,20260887.0
2024-08-19,19.35,19.51,19.34,19.49,20506740.0
2024-08-16,19.12,19.36,19.08,19.34,24724429.0
2024-08-15,19.55,19.575,18.97,19.09,42608086.0
2024-08-14,19.48,19.66,19.4214,19.63,19158619.0
2024-08-13,19.42,19.56,19.36,19.52,21508021.0
2024-08-12,19.54,19.56,19.3,19.43,22979921.0
2024-08-09,19.39,19.595,19.27,19.49,22819613.0
2024-08-08,19.255,19.48,19.21,19.4,25588147.0
2024-08-07,19.2,19.5199,19.095,19.25,30036720.0
2024-08-06,18.885,19.3,18.86,19.19,33775980.0
2024-08-05,18.8,19.12,18.64,18.91,50898443.0
2024-08-02,19.64,19.99,19.19,19.37,45240116.0
2024-08-01,19.31,19.63,19.13,19.47,44379272.0
2024-07-31,18.9,19.32,18.88,19.25,39522008.0
2024-07-30,18.95,19.03,18.835,18.98,27854987.0
2024-07-29,19.0,19.015,18.82,18.9,30788259.0
2024-07-26,19.16,19.3,18.89,19.01,30844174.0
2024-07-25,19.15,19.74,19.1,19.19,54049737.0
2024-07-24,18.92,19.23,18.76,19.16,64464984.0
2024-07-23,18.57,18.61,18.14,18.21,70161843.0
2024-07-22,18.7,18.77,18.31,18.55,44083637.0
2024-07-19,19.12,19.24,18.98,19.12,29910308.0
2024-07-18,19.1,19.33,18.99,19.15,34793874.0
2024-07-17,18.9,19.19,18.85,19.16,40611458.0
2024-07-16,18.595,18.86,18.565,18.85,23923649.0
2024-07-15,18.85,18.87,18.53,18.58,33910860.0
2024-07-12,18.72,18.85,18.585,18.81,37919378.0
2024-07-11,18.7,18.87,18.62,18.86,23633151.0
2024-07-10,18.57,18.75,18.46,18.74,33408233.0
2024-07-09,18.82,18.98,18.705,18.8,27840906.0
2024-07-08,18.84,18.9,18.69,18.81,23277383.0
2024-07-05,18.7,18.8,18.645,18.77,30727771.0
2024-07-03,18.88,18.915,18.66,18.68,19462997.0
2024-07-02,18.98,19.0,18.68,18.82,31606880.0
2024-07-01,19.24,19.32,18.83,18.98,36095656.0
2024-06-28,18.8,19.13,18.78,19.11,52825162.0
2024-06-27,18.78,18.79,18.61,18.75,28916349.0
2024-06-26,18.64,18.81,18.61,18.76,32029654.0
2024-06-25,18.64,18.73,18.53,18.69,34090642.0
2024-06-24,18.42,18.7,18.4,18.65,42162152.0
2024-06-21,18.17,18.455,18.07,18.4,72567207.0
2024-06-20,17.94,18.16,17.9,18.11,32100613.0
2024-06-18,17.88,18.2,17.86,18.05,33711093.0
2024-06-17,17.56,17.7,17.49,17.67,27451581.0
2024-06-14,17.59,17.745,17.49,17.64,22652283.0
2024-06-13,17.545,17.68,17.42,17.67,30691967.0
2024-06-12,17.99,18.04,17.57,17.61,35652177.0
2024-06-11,17.84,17.95,17.725,17.86,29956969.0
2024-06-10,18.0,18.04,17.75,17.86,32419553.0
2024-06-07,18.22,18.22,17.97,18.1,36626732.0
2024-06-06,18.29,18.45,18.22,18.28,22319231.0
2024-06-05,18.31,18.32,18.16,18.3,28101804.0
2024-06-04,17.97,18.36,17.9,18.35,30089135.0
2024-06-03,18.13,18.33,17.96,18.01,38332732.0
2024-05-31,17.53,18.27,17.47,18.22,67619456.0
2024-05-30,17.17,17.64,17.16,17.62,33266527.0
2024-05-29,17.25,17.31,17.11,17.12,23503818.0
2024-05-28,17.46,17.525,17.2,17.27,25458305.0
2024-05-24,17.49,17.61,17.4201,17.5,24995960.0
2024-05-23,17.4,17.51,17.32,17.47,32477713.0
2024-05-22,17.19,17.51,17.185,17.5,30647457.0
2024-05-21,17.51,17.52,17.14,17.27,31173261.0
2024-05-20,17.38,17.56,17.355,17.52,28266552.0
2024-05-17,17.4,17.41,17.26,17.4,25891151.0
2024-05-16,17.31,17.37,17.15,17.3,24686192.0
2024-05-15,17.35,17.44,17.18,17.33,30877916.0
2024-05-14,17.28,17.34,17.22,17.3,23545315.0
2024-05-13,17.18,17.34,17.15,17.26,28014807.0
2024-05-10,17.2,17.22,17.12,17.17,19229583.0
2024-05-09,17.1,17.19,17.04,17.18,22547745.0
2024-05-08,17.03,17.2,17.0,17.11,25292093.0
2024-05-07,17.06,17.21,17.0,17.08,28086765.0
2024-05-06,16.95,17.04,16.91,16.99,24182291.0
2024-05-03,16.82,16.92,16.73,16.85,24023192.0
2024-05-02,16.99,16.99,16.73,16.82,32204956.0
2024-05-01,16.83,17.1,16.78,16.92,39355576.0
2024-04-30,16.91,16.98,16.8,16.89,31822752.0
2024-04-29,16.99,17.28,16.99,17.02,43593396.0
2024-04-26,16.47,16.88,16.39,16.75,37852681.0
2024-04-25,16.7,17.0,16.5,16.58,46680422.0
2024-04-24,16.9,17.03,16.38,16.81,74197830.0
2024-04-23,16.38,16.53,16.29,16.5,47804980.0
2024-04-22,16.69,16.73,16.17,16.31,54178101.0
2024-04-19,16.33,16.525,16.26,16.51,45813230.0
2024-04-18,16.11,16.345,16.09,16.33,29566457.0
2024-04-17,16.11,16.25,16.06,16.12,27177523.0
2024-04-16,16.22,16.23,15.9401,16.09,56368796.0
2024-04-15,16.46,16.54,16.13,16.24,40249909.0
2024-04-12,16.41,16.46,16.2525,16.31,41785200.0
2024-04-11,16.67,16.695,16.42,16.42,40831195.0
2024-04-10,16.77,16.79,16.51,16.73,39046811.0
2024-04-09,17.0,17.08,16.81,16.9,32802499.0
2024-04-08,17.4,17.46,17.215,17.25,27372186.0
2024-04-05,17.52,17.54,17.28,17.42,37768986.0
2024-04-04,17.62,17.88,17.56,17.57,31850269.0
2024-04-03,17.59,17.71,17.49,17.61,38155914.0
2024-04-02,17.48,17.695,17.48,17.52,40169511.0
2024-04-01,17.19,17.535,17.15,17.5,31980058.0
2024-03-28,17.55,17.7,17.52,17.6,33461501.0
2024-03-27,17.29,17.59,17.29,17.55,37488391.0
2024-03-26,17.13,17.28,17.045,17.18,33048622.0
2024-03-25,17.035,17.13,16.965,17.12,30944596.0
2024-03-22,17.19,17.2,16.98,16.98,26169942.0
2024-03-21,17.19,17.2699,17.06,17.16,34446667.0
2024-03-20,17.12,17.31,17.08,17.21,28961656.0
2024-03-19,17.3,17.315,17.155,17.17,26144590.0
2024-03-18,17.1,17.32,16.93,17.3,35176970.0
2024-03-15,16.89,17.14,16.885,17.05,93104732.0
2024-03-14,17.15,17.17,16.83,17.01,37237659.0
2024-03-13,17.27,17.435,17.13,17.19,32339759.0
2024-03-12,17.3,17.34,17.17,17.2,38700578.0
2024-03-11,17.22,17.44,17.22,17.33,29541556.0
2024-03-08,17.06,17.32,16.975,17.2,30812923.0
2024-03-07,17.19,17.3,17.01,17.05,27325108.0
2024-03-06,17.1,17.22,17.025,17.18,35356730.0
2024-03-05,17.03,17.355,17.0,17.17,43337915.0
2024-03-04,16.87,16.985,16.71,16.8,32690451.0
2024-03-01,16.87,17.05,16.81,16.98,27552693.0
2024-02-29,17.02,17.12,16.91,16.93,46155245.0
2024-02-28,16.82,17.04,16.81,16.96,33531091.0
2024-02-27,16.61,16.85,16.54,16.83,28350791.0
2024-02-26,16.8,16.83,16.52,16.6,26815920.0
2024-02-23,16.63,16.86,16.54,16.8,32270949.0
2024-02-22,16.77,16.77,16.42,16.59,59974528.0
2024-02-21,16.92,17.01,16.84,17.0,22650729.0
2024-02-20,16.88,17.13,16.87,16.91,29103904.0
2024-02-16,16.95,17.07,16.76,16.97,28848846.0
2024-02-15,16.94,17.22,16.94,17.09,25926733.0
2024-02-14,16.97,17.09,16.84,16.91,26468112.0
2024-02-13,17.02,17.2,16.75,16.9,29734584.0
2024-02-12,16.84,17.06,16.76,17.02,31151245.0
2024-02-09,16.79,16.88,16.57,16.84,44427074.0
2024-02-08,17.3,17.3,16.74,16.82,66974946.0
2024-02-07,17.6,17.62,17.3,17.33,33871777.0
2024-02-06,17.66,17.77,17.55,17.61,25743430.0
2024-02-05,17.71,17.87,17.58,17.73,31496929.0
2024-02-02,17.935,17.98,17.755,17.83,33248497.0
2024-02-01,18.09,18.155,17.82,18.04,71660403.0
2024-01-31,17.51,17.82,17.5,17.69,52968145.0
2024-01-30,17.25,17.59,17.18,17.53,54946431.0
2024-01-29,17.22,17.28,17.05,17.25,38264848.0
2024-01-26,17.15,17.38,17.12,17.29,38567314.0
2024-01-25,16.77,17.19,16.69,17.18,54457867.0
2024-01-24,16.56,17.039,16.46,16.68,79216981.0
2024-01-23,17.04,17.25,16.98,17.19,59713018.0
2024-01-22,16.72,16.9,16.64,16.8,44093358.0
2024-01-19,16.66,16.78,16.395,16.67,52563031.0
2024-01-18,16.29,16.42,16.19,16.4,35127800.0
2024-01-17,16.38,16.63,16.35,16.41,39261027.0
2024-01-16,16.42,16.6,16.34,16.44,39033389.0
2024-01-12,16.34,16.62,16.325,16.48,32658909.0
2024-01-11,16.8,16.8,16.15,16.23,59137543.0
2024-01-10,16.9,16.9,16.76,16.87,26893778.0
2024-01-09,16.97,16.98,16.83,16.95,30338374.0
2024-01-08,17.45,17.485,17.24,17.32,41215142.0
2024-01-05,17.16,17.515,17.095,17.47,33311359.0
2024-01-04,17.26,17.3,17.15,17.15,35703716.0
2024-01-03,17.32,17.375,17.22,17.23,33612390.0
2024-01-02,16.84,17.38,16.83,17.25,47624336.0
2023-12-29,16.63,16.83,16.61,16.78,33285405.0
2023-12-28,16.54,16.87,16.53,16.74,32112904.0
2023-12-27,16.49,16.617,16.45,16.58,27728734.0
2023-12-26,16.5,16.61,16.44,16.57,22750428.0
2023-12-22,16.5,16.73,16.5,16.55,26740353.0
2023-12-21,16.47,16.51,16.35,16.49,36327852.0
2023-12-20,16.57,16.611,16.4,16.4,33476305.0
2023-12-19,16.43,16.62,16.41,16.61,28077370.0
2023-12-18,16.6,16.75,16.41,16.46,34621756.0
2023-12-15,16.52,16.655,16.45,16.52,65906461.0
2023-12-14,16.51,16.81,16.51,16.65,54484997.0
2023-12-13,16.33,16.5,16.1,16.45,53889673.0
2023-12-12,16.56,16.58,16.34,16.41,41348839.0
2023-12-11,16.91,16.94,16.53,16.62,43835029.0
2023-12-08,17.09,17.11,16.81,16.92,42137245.0
2023-12-07,17.02,17.13,16.9,17.09,31309051.0
2023-12-06,17.17,17.28,16.855,16.94,45867451.0
2023-12-05,16.98,17.34,16.96,17.22,72090992.0
2023-12-04,16.6,16.77,16.55,16.66,40542461.0
2023-12-01,16.6,16.77,16.525,16.76,35407190.0
2023-11-30,16.29,16.6,16.29,16.57,50629978.0
2023-11-29,16.19,16.33,16.15,16.3,26623537.0
2023-11-28,16.17,16.2,16.03,16.18,24258389.0
2023-11-27,16.19,16.27,16.085,16.21,29976190.0
2023-11-24,16.21,16.32,16.2,16.21,12431028.0
2023-11-22,16.25,16.28,16.1,16.17,21305890.0
2023-11-21,16.07,16.25,16.025,16.19,25679977.0
2023-11-20,15.9,16.17,15.85,16.1,30874061.0
2023-11-17,15.91,15.96,15.84,15.9,27168806.0
2023-11-16,15.88,15.93,15.75,15.88,26214176.0
2023-11-15,15.65,15.8,15.64,15.76,25233515.0
2023-11-14,15.7,15.75,15.515,15.63,31504201.0
2023-11-13,15.61,15.74,15.51,15.58,23875999.0
2023-11-10,15.68,15.74,15.46,15.64,23758927.0
2023-11-09,15.68,15.75,15.55,15.63,26080804.0
2023-11-08,15.84,15.84,15.58,15.65,28224458.0
2023-11-07,15.71,15.96,15.71,15.84,26425500.0
2023-11-06,15.83,15.895,15.64,15.75,32805461.0
2023-11-03,15.9,16.04,15.83,15.88,42807495.0
2023-11-02,15.62,15.78,15.56,15.73,35788829.0
2023-11-01,15.49,15.7,15.43,15.58,41502824.0
2023-10-31,15.28,15.44,15.25,15.4,33688413.0
2023-10-30,14.95,15.38,14.91,15.26,41832169.0
2023-10-27,15.1,15.18,14.74,14.82,35849207.0
2023-10-26,15.17,15.29,14.98,15.12,41165135.0
2023-10-25,15.5,15.585,15.07,15.19,42605757.0
2023-10-24,15.18,15.57,15.18,15.53,66404198.0
2023-10-23,15.37,15.38,14.86,14.95,53938564.0
2023-10-20,15.19,15.91,15.19,15.38,68058403.0
2023-10-19,15.37,15.655,15.16,15.26,97636470.0
2023-10-18,14.47,14.525,14.31,14.32,36230867.0
2023-10-17,14.32,14.59,14.285,14.58,34771816.0
2023-10-16,14.4,14.5,14.23,14.41,31727891.0
2023-10-13,14.48,14.63,14.32,14.36,34127248.0
2023-10-12,14.64,14.67,14.2841,14.45,38543666.0
2023-10-11,14.95,15.05,14.68,14.77,31793518.0
2023-10-10,14.69,14.98,14.69,14.96,35746767.0
2023-10-09,14.47,14.75,14.46,14.73,30659763.0
2023-10-06,14.42,14.51,14.12,14.45,53313473.0
2023-10-05,14.63,14.88,14.625,14.83,32171501.0
2023-10-04,14.66,14.73,14.45,14.65,37089003.0
2023-10-03,14.67,14.82,14.58,14.78,36830846.0
2023-10-02,15.04,15.085,14.66,14.67,36600218.0
2023-09-29,15.04,15.1,14.91,15.02,29640866.0
2023-09-28,14.89,15.02,14.88,15.01,27817623.0
2023-09-27,15.01,15.01,14.8,14.87,27561603.0
2023-09-26,14.8,15.08,14.6743,15.02,35411976.0
2023-09-25,15.05,15.11,14.85,15.06,30428694.0
2023-09-22,15.33,15.36,15.05,15.12,33967661.0
2023-09-21,15.41,15.54,15.29,15.31,33709196.0
2023-09-20,15.28,15.73,15.27,15.55,45303595.0
2023-09-19,15.06,15.245,15.045,15.21,33196722.0
2023-09-18,15.17,15.22,15.02,15.09,29972535.0
2023-09-15,15.0,15.3,14.955,15.23,80594245.0
2023-09-14,14.9,15.155,14.865,15.06,55154996.0
2023-09-13,14.55,14.675,14.47,14.62,30916587.0
2023-09-12,14.53,14.57,14.38,14.46,27383338.0
2023-09-11,14.47,14.59,14.435,14.52,28625021.0
2023-09-08,14.61,14.61,14.36,14.4,28287768.0
2023-09-07,14.6,14.76,14.55,14.61,30699115.0
2023-09-06,14.43,14.75,14.32,14.61,43010140.0
2023-09-05,14.65,14.75,14.47,14.48,28402921.0
2023-09-01,14.81,14.86,14.64,14.65,20292900.0
2023-08-31,14.8,14.88,14.7,14.79,45406173.0
2023-08-30,14.88,14.99,14.7,14.73,26065343.0
2023-08-29,14.45,14.81,14.45,14.77,45429008.0
2023-08-28,14.18,14.265,14.11,14.21,30173724.0
2023-08-25,14.17,14.21,14.05,14.11,22107740.0
2023-08-24,14.04,14.28,14.04,14.15,29780078.0
2023-08-23,14.26,14.35,14.14,14.16,29371062.0
2023-08-22,14.09,14.32,14.03,14.26,43201018.0
2023-08-21,14.02,14.14,13.92,14.1,47841439.0
2023-08-18,13.97,14.14,13.95,14.05,32213555.0
2023-08-17,14.13,14.155,13.99,14.01,36036709.0
2023-08-16,14.15,14.19,14.01,14.1,29440328.0
2023-08-15,14.2,14.21,14.1,14.14,26393583.0
2023-08-14,14.31,14.37,14.18,14.26,26901398.0
2023-08-11,14.145,14.4,14.12,14.37,31237083.0
2023-08-10,14.29,14.35,14.17,14.17,33556423.0
2023-08-09,14.17,14.35,14.15,14.27,33951700.0
2023-08-08,13.94,14.2,13.94,14.18,39075057.0
2023-08-07,14.01,14.09,13.89,14.01,38109902.0
2023-08-04,14.05,14.11,14.0,14.0,38965007.0
2023-08-03,14.24,14.26,14.03,14.09,40848091.0
2023-08-02,14.29,14.56,14.21,14.35,41739077.0
2023-08-01,14.56,14.57,14.26,14.3,46332985.0
2023-07-31,14.46,14.59,14.41,14.52,47585574.0
2023-07-28,14.59,14.67,14.44,14.45,51420561.0
2023-07-27,14.89,14.92,14.5,14.51,65495958.0
2023-07-26,14.91,14.97,14.53,14.89,63191544.0
2023-07-25,15.08,15.11,14.72,14.8,59669837.0
2023-07-24,14.78,15.09,14.78,14.95,49475738.0
2023-07-21,14.61,14.78,14.6,14.76,49225391.0
2023-07-20,14.59,14.66,14.4516,14.66,76867898.0
2023-07-19,14.32,14.64,14.27,14.59,142144700.0
2023-07-18,13.53,13.99,13.43,13.45,132538732.0
2023-07-17,14.12,14.21,13.48,13.53,160933417.0
2023-07-14,14.8,14.81,14.29,14.5,101745447.0
2023-07-13,15.135,15.17,15.01,15.12,40508184.0
2023-07-12,15.24,15.265,15.1,15.12,46478345.0
2023-07-11,15.29,15.345,15.11,15.23,39687999.0
2023-07-10,15.52,15.545,15.22,15.27,45305500.0
2023-07-07,15.54,15.75,15.53,15.61,28998267.0
2023-07-06,16.01,16.03,15.84,15.87,33351015.0
2023-07-05,16.08,16.23,16.0,16.07,32988063.0
2023-07-03,15.95,16.12,15.95,16.12,18424159.0
2023-06-30,16.0,16.035,15.83,15.95,40465311.0
2023-06-29,15.74,16.01,15.74,15.98,27298284.0
2023-06-28,15.81,15.84,15.61,15.78,26156374.0
2023-06-27,15.55,15.89,15.53,15.84,31456985.0
2023-06-26,15.46,15.65,15.43,15.63,28616621.0
2023-06-23,15.63,15.73,15.42,15.45,37408525.0
2023-06-22,15.57,15.64,15.47,15.58,30281623.0
2023-06-21,15.7,15.72,15.49,15.61,40676424.0
2023-06-20,16.02,16.08,15.77,15.78,35360536.0
2023-06-16,16.1,16.13,15.96,16.06,64149044.0
2023-06-15,15.88,16.1,15.7916,16.03,30535162.0
2023-06-14,15.9,16.015,15.82,15.84,26782423.0
2023-06-13,15.8,15.97,15.675,15.82,41578194.0
2023-06-12,15.95,16.0,15.82,15.93,27544049.0
2023-06-09,16.01,16.13,15.91,15.95,24666316.0
2023-06-08,16.04,16.0783,15.88,16.07,32833653.0
2023-06-07,15.63,16.12,15.57,16.1,43584209.0
2023-06-06,15.46,15.75,15.36,15.67,39037180.0
2023-06-05,15.33,15.44,15.25,15.39,39528290.0
2023-06-02,15.08,15.42,14.85,15.21,105292874.0
2023-06-01,15.75,15.87,15.625,15.81,31363773.0
2023-05-31,15.66,15.87,15.62,15.73,70109396.0
2023-05-30,15.49,15.69,15.42,15.64,35346736.0
2023-05-26,15.23,15.62,15.18,15.5,50164934.0
2023-05-25,15.67,15.67,15.0,15.15,102758196.0
2023-05-24,16.11,16.12,15.95,15.95,34236861.0
2023-05-23,16.26,16.3,16.07,16.1,45314834.0
2023-05-22,16.35,16.43,16.16,16.38,42251592.0
2023-05-19,16.59,16.65,16.29,16.31,46679368.0
2023-05-18,16.6,16.65,16.37,16.55,39142046.0
2023-05-17,16.66,16.75,16.55,16.66,34154737.0
2023-05-16,16.93,16.94,16.51,16.53,31200292.0
2023-05-15,17.0,17.095,16.94,16.95,28697250.0
2023-05-12,17.0,17.19,16.95,17.03,27280574.0
2023-05-11,16.95,17.0,16.88,16.96,21332611.0
2023-05-10,17.06,17.1,16.86,17.04,32892425.0
2023-05-09,17.1,17.11,16.91,17.02,29058356.0
2023-05-08,17.01,17.17,16.95,17.12,32091038.0
2023-05-05,16.98,17.13,16.88,17.13,23712264.0
2023-05-04,17.02,17.0785,16.85,16.91,27422691.0
2023-05-03,17.15,17.25,17.07,17.09,32213142.0
2023-05-02,17.36,17.43,17.03,17.07,39398107.0
2023-05-01,17.74,17.755,17.49,17.5,35510207.0
2023-04-28,17.42,17.745,17.38,17.67,40675800.0
2023-04-27,17.38,17.63,17.36,17.61,36926914.0
2023-04-26,17.39,17.66,17.19,17.2,42482881.0
2023-04-25,17.51,17.77,17.45,17.51,46691792.0
2023-04-24,18.09,18.119,17.51,17.53,60001379.0
2023-04-21,17.87,18.4,17.83,18.22,76810214.0
2023-04-20,18.71,18.72,17.56,17.65,129904844.0
2023-04-19,19.78,19.83,19.61,19.7,31537199.0
2023-04-18,19.83,19.87,19.65,19.82,28517402.0
2023-04-17,19.9,19.92,19.65,19.79,23443916.0
2023-04-14,19.95,19.99,19.77,19.93,24948446.0
2023-04-13,19.85,19.98,19.66,19.96,25253874.0
2023-04-12,19.79,19.88,19.65,19.77,28179531.0
2023-04-11,19.59,19.91,19.575,19.69,24664840.0
2023-04-10,19.47,19.6,19.42,19.57,23617542.0
2023-04-06,19.65,19.79,19.51,19.65,29722558.0
2023-04-05,19.62,19.93,19.585,19.88,38673247.0
2023-04-04,19.52,19.65,19.39,19.64,34207621.0
2023-04-03,19.27,19.475,19.2,19.39,31102535.0
2023-03-31,19.12,19.25,19.03,19.25,27130925.0
2023-03-30,19.005,19.14,18.98,19.08,19736256.0
2023-03-29,18.86,19.05,18.83,19.0,23149448.0
2023-03-28,18.84,18.99,18.72,18.72,21547161.0
2023-03-27,18.74,18.95,18.705,18.87,26650453.0
2023-03-24,18.45,18.66,18.35,18.61,32061597.0
2023-03-23,18.41,18.57,18.34,18.46,28957808.0
2023-03-22,18.61,18.72,18.38,18.39,21071095.0
2023-03-21,18.675,18.72,18.435,18.54,24313184.0
2023-03-20,18.27,18.58,18.22,18.49,27382101.0
2023-03-17,18.32,18.35,18.03,18.13,58728602.0
2023-03-16,18.23,18.4286,18.065,18.39,31733375.0
2023-03-15,18.2,18.34,18.055,18.31,34436388.0
2023-03-14,18.37,18.51,18.21,18.44,32076205.0
2023-03-13,18.27,18.6596,18.22,18.3,39834982.0
2023-03-10,18.28,18.49,18.24,18.43,32018524.0
2023-03-09,18.7,18.7,18.31,18.32,24711104.0
2023-03-08,18.57,18.64,18.18,18.61,31510317.0
2023-03-07,18.8,18.93,18.6,18.71,27944036.0
2023-03-06,18.85,18.96,18.77,18.77,24072147.0
2023-03-03,18.7,18.85,18.67,18.81,23501477.0
2023-03-02,18.53,18.75,18.5,18.66,24188168.0
2023-03-01,18.83,18.86,18.56,18.66,23339850.0
2023-02-28,19.02,19.03,18.84,18.91,34154826.0
2023-02-27,19.3,19.34,19.01,19.03,22981105.0
2023-02-24,19.26,19.27,18.975,19.24,29138136.0
2023-02-23,19.42,19.58,19.26,19.35,24845773.0
2023-02-22,19.22,19.43,19.215,19.38,25308792.0
2023-02-21,19.22,19.36,19.13,19.21,28220330.0
2023-02-17,19.26,19.51,19.13,19.44,29997547.0
2023-02-16,19.04,19.415,18.93,19.26,35161148.0
2023-02-15,19.01,19.27,18.985,19.25,31155538.0
2023-02-14,19.3,19.35,19.03,19.15,23195192.0
2023-02-13,19.01,19.32,18.99,19.26,21668665.0
2023-02-10,19.03,19.11,18.83,19.07,24931150.0
2023-02-09,19.21,19.25,18.89,18.97,28320910.0
2023-02-08,19.09,19.22,19.015,19.16,29805219.0
2023-02-07,19.49,19.54,19.09,19.25,36534418.0
2023-02-06,19.75,19.76,19.49,19.58,30929765.0
2023-02-03,20.22,20.26,19.775,19.83,31599941.0
2023-02-02,20.1,20.49,20.04,20.28,34968831.0
2023-02-01,20.47,20.5,20.07,20.18,40172549.0
2023-01-31,20.16,20.38,20.07,20.37,36575932.0
2023-01-30,19.92,20.26,19.89,20.16,37245959.0
2023-01-27,19.95,20.1,19.81,19.95,37093996.0
2023-01-26,20.27,20.32,19.81,20.0,47400914.0
2023-01-25,19.75,20.48,19.74,20.42,73581194.0
2023-01-24,18.97,22.84,15.15,19.16,32858473.0
2023-01-23,19.23,19.4,18.98,19.1,32890784.0
2023-01-20,18.96,19.23,18.77,19.23,37836624.0
2023-01-19,18.93,19.02,18.785,18.94,40180782.0
2023-01-18,19.29,19.33,18.97,19.02,38023707.0
2023-01-17,19.55,19.57,19.265,19.33,38801049.0
2023-01-13,19.385,19.59,19.285,19.55,25479977.0
2023-01-12,19.48,19.57,19.37,19.41,31740354.0
2023-01-11,19.47,19.49,19.25,19.41,30010227.0
2023-01-10,19.35,19.48,19.2,19.47,32869494.0
2023-01-09,19.235,19.24,18.98,19.04,51981064.0
2023-01-06,19.35,19.79,19.34,19.53,36050329.0
2023-01-05,19.14,19.32,18.96,19.21,31081839.0
2023-01-04,18.87,19.37,18.81,19.14,43926755.0
2023-01-03,18.51,18.85,18.41,18.74,42149170.0
2022-12-30,18.42,18.48,18.22,18.41,26204237.0
2022-12-29,18.27,18.55,18.24,18.45,23765855.0
2022-12-28,18.45,18.545,18.19,18.22,26632293.0
2022-12-27,18.25,18.52,18.22,18.46,30382455.0
2022-12-23,18.17,18.32,18.1001,18.31,25164051.0
2022-12-22,18.01,18.28,17.92,18.27,32614993.0
2022-12-21,18.18,18.27,18.07,18.15,42316196.0
2022-12-20,17.85,18.09,17.83,18.07,40922709.0
2022-12-19,18.265,18.32,17.635,17.86,62216947.0
2022-12-16,18.355,18.51,18.215,18.49,76412515.0
2022-12-15,18.635,18.81,18.36,18.47,47282183.0
2022-12-14,19.05,19.1,18.76,18.9,44027741.0
2022-12-13,19.41,19.5,19.07,19.12,54142090.0
2022-12-12,19.14,19.31,19.07,19.3,31333483.0
2022-12-09,19.07,19.35,19.03,19.09,29815562.0
2022-12-08,19.43,19.52,19.02,19.12,45761101.0
2022-12-07,19.05,19.42,19.0,19.3,45381037.0
2022-12-06,18.89,19.18,18.81,19.17,45858132.0
2022-12-05,18.92,18.98,18.69,18.75,28698037.0
2022-12-02,19.05,19.06,18.855,19.02,33479648.0
2022-12-01,19.29,19.4,19.085,19.19,31615469.0
2022-11-30,18.94,19.28,18.8,19.28,59293423.0
2022-11-29,18.79,19.03,18.75,19.01,24087955.0
2022-11-28,19.095,19.15,18.77,18.82,27787847.0
2022-11-25,19.17,19.285,19.065,19.12,13782713.0
2022-11-23,18.93,19.115,18.89,19.09,21486024.0
2022-11-22,18.9,19.04,18.89,19.0,33770953.0
2022-11-21,18.975,19.075,18.76,18.84,31911448.0
2022-11-18,19.04,19.12,18.92,18.97,34211309.0
2022-11-17,18.71,18.99,18.52,18.95,36007803.0
2022-11-16,19.0,19.05,18.78,18.93,32155441.0
2022-11-15,19.12,19.39,18.81,19.02,49339280.0
2022-11-14,19.075,19.36,19.04,19.06,37316467.0
2022-11-11,18.82,19.13,18.78,19.05,52519514.0
2022-11-10,18.83,18.97,18.58,18.84,46482727.0
2022-11-09,18.48,18.72,18.38,18.38,41838444.0
2022-11-08,18.38,18.73,18.295,18.57,43210379.0
2022-11-07,18.34,18.4,18.15,18.36,39985216.0
2022-11-04,18.34,18.41,18.09,18.32,39458723.0
2022-11-03,18.17,18.33,18.07,18.17,41249439.0
2022-11-02,18.27,18.8,18.265,18.43,49201073.0
2022-11-01,18.57,18.58,18.2438,18.35,48025723.0
2022-10-31,18.35,18.39,18.13,18.23,47573949.0
2022-10-28,18.28,18.59,18.23,18.48,55833922.0
2022-10-27,18.35,18.35,17.99,18.03,53975498.0
2022-10-26,17.84,18.2351,17.76,18.14,65201017.0
2022-10-25,17.52,17.89,17.5,17.69,58235104.0
2022-10-24,17.43,17.85,17.39,17.51,69196482.0
2022-10-21,16.83,17.4,16.77,17.1,81050681.0
2022-10-20,16.21,17.16,16.12,16.74,117495741.0
2022-10-19,15.46,15.76,15.4,15.54,47349092.0
2022-10-18,15.56,15.7,15.45,15.6,49420243.0
2022-10-17,15.14,15.4,15.08,15.31,44240705.0
2022-10-14,15.19,15.27,14.97,14.99,47240338.0
2022-10-13,14.49,15.15,14.46,15.12,60354521.0
2022-10-12,14.76,14.935,14.62,14.63,46719587.0
2022-10-11,14.85,14.91,14.68,14.81,49661493.0
2022-10-10,15.0,15.13,14.76,14.9,43852638.0
2022-10-07,15.23,15.2415,14.9,14.94,53446897.0
2022-10-06,15.64,15.81,15.31,15.32,52923865.0
2022-10-05,15.6913,15.8583,15.485,15.652,38929461.648643
2022-10-04,15.711,15.8682,15.6127,15.8092,47708803.004734
2022-10-03,15.4555,15.8927,15.3867,15.6225,60597987.673666
2022-09-30,15.259,15.4064,15.0723,15.0723,65068273.189436
2022-09-29,15.3965,15.4751,15.1411,15.259,52219650.379692
2022-09-28,15.5046,15.6422,15.4358,15.5537,43428640.390199
2022-09-27,15.5341,15.7503,15.3965,15.4555,41914895.49875
2022-09-26,15.6323,15.7011,15.3081,15.3965,47673155.914904
2022-09-23,15.819,15.8485,15.5734,15.7306,47046651.568469
2022-09-22,15.9762,16.0941,15.8583,15.9566,38471735.713281
2022-09-21,16.2907,16.3693,15.9664,15.9664,39504998.54427
2022-09-20,16.3594,16.3594,16.1728,16.271,36830224.120447
2022-09-19,16.3398,16.5658,16.2907,16.4675,34405707.02477
2022-09-16,16.3791,16.5166,16.2612,16.4479,71066134.972836
2022-09-15,16.5363,16.6247,16.3398,16.4675,39323503.205648
2022-09-14,16.5952,16.6245,16.4086,16.4773,41728556.634061
2022-09-13,16.8802,17.0177,16.4872,16.5363,43025436.945894
2022-09-12,16.7721,17.0963,16.7328,17.0767,44196297.034748
2022-09-09,16.6247,16.7721,16.5658,16.7328,56130335.106402
2022-09-08,16.5658,16.6345,16.4046,16.4773,50654852.545486
2022-09-07,16.4675,16.836,16.3889,16.5756,56553513.134147
2022-09-06,16.8998,16.9293,16.4872,16.497,58249074.976792
2022-09-02,17.2634,17.3076,16.8605,16.89,37137711.184732
2022-09-01,17.1848,17.3616,17.1062,17.1946,31167152.883955
2022-08-31,17.509,17.5483,17.1995,17.2339,47498827.651416
2022-08-30,17.4992,17.5876,17.4402,17.509,33058833.259702
2022-08-29,17.4992,17.6073,17.4009,17.4697,25917682.541295
2022-08-26,17.7055,17.7743,17.5385,17.5778,31133993.202763
2022-08-25,17.735,17.7841,17.6269,17.7743,25646174.357026
2022-08-24,17.7547,17.7547,17.5532,17.6957,31192089.053774
2022-08-23,17.794,17.8726,17.7055,17.7448,27783049.716172
2022-08-22,17.9905,18.0101,17.7547,17.8136,32626443.474353
2022-08-19,18.0592,18.187,18.0003,18.1084,27643865.768428
2022-08-18,17.9413,18.2066,17.8627,18.1084,34418011.75899
2022-08-17,18.0985,18.2852,18.0003,18.0985,24194558.704655
2022-08-16,18.0494,18.3737,18.0494,18.2459,34849144.609122
2022-08-15,17.8726,18.1378,17.8726,18.0691,29357711.69298
2022-08-12,17.7841,17.9512,17.7743,17.9512,26280940.889763
2022-08-11,17.7448,17.8529,17.6957,17.7252,41523539.813838
2022-08-10,17.902,17.9315,17.6761,17.6957,51121648.76963
2022-08-09,17.7252,17.902,17.7252,17.7841,33848158.042509
2022-08-08,18.0396,18.0838,17.6859,17.6859,44864648.672904
2022-08-05,17.9512,18.0396,17.7743,18.0298,33307659.615449
2022-08-04,17.9905,18.0592,17.902,17.9512,28790252.768858
2022-08-03,18.0985,18.1821,17.9905,18.0494,36155291.63767
2022-08-02,18.3933,18.413,18.0003,18.0396,44400002.978406
2022-08-01,18.521,18.5407,18.2852,18.4031,37746494.271263
2022-07-29,18.187,18.521,18.1575,18.4523,41544767.261449
2022-07-28,17.9806,18.4424,17.9659,18.2558,42685012.072382
2022-07-27,18.0298,18.1673,17.9119,18.0691,37257631.96419
2022-07-26,18.0789,18.1231,17.8627,17.9806,39575671.889533
2022-07-25,18.0592,18.3245,18.0101,18.2066,40194503.333462
2022-07-22,18.3344,18.3638,17.9315,18.0789,73295408.810135
2022-07-21,18.7077,18.7863,17.9217,18.5898,125600925.6759
2022-07-20,20.4567,20.4665,20.044,20.1226,34814714.761817
2022-07-19,20.2405,20.496,20.1717,20.437,22200492.559034
2022-07-18,20.27,20.3289,20.1521,20.1717,22907133.395378
2022-07-15,20.1815,20.2307,19.8573,20.211,24261409.338443
2022-07-14,19.7787,19.9949,19.6952,19.9752,27093814.633727
2022-07-13,20.0931,20.2405,19.877,20.0931,25660867.777037
2022-07-12,20.27,20.496,20.0931,20.2405,26917800.957512
2022-07-11,20.3486,20.4912,20.27,20.2995,23755535.151098
2022-07-08,20.5647,20.6925,20.3879,20.437,22763565.949678
2022-07-07,20.5271,20.6726,20.3914,20.5078,27861457.864725
2022-07-06,20.5271,20.5853,20.2556,20.4496,28510747.30041
2022-07-05,20.4884,20.5417,20.1441,20.5271,38138730.303155
2022-07-01,20.3333,20.7356,20.2363,20.6629,33788559.254133
2022-06-30,20.1587,20.5078,20.1199,20.3235,38834956.013915
2022-06-29,20.0423,20.3817,19.9163,20.3138,27418265.818124
2022-06-28,20.2944,20.4205,19.9744,19.9842,27598637.000759
2022-06-27,20.3138,20.3962,20.0423,20.149,33352691.621972
2022-06-24,20.0714,20.4205,19.8872,20.3526,49133664.379428
2022-06-23,19.8097,20.149,19.4704,19.9842,53333131.115118
2022-06-22,19.2472,19.926,19.2182,19.7029,48073678.669402
2022-06-21,19.0485,19.4412,18.8788,19.3539,50851865.57512
2022-06-17,18.5588,18.8303,18.4231,18.7915,100703426.7327
2022-06-16,18.6946,18.7042,18.1031,18.3843,70022735.539458
2022-06-15,19.0048,19.1115,18.5976,18.8497,40161397.980881
2022-06-14,19.2763,19.3539,18.7154,18.8593,43973607.187229
2022-06-13,19.7806,19.8678,19.0776,19.16,57976378.779506
2022-06-10,20.052,20.2168,20.0035,20.0617,34635949.245676
2022-06-09,20.3817,20.5175,20.2363,20.2459,25722337.979044
2022-06-08,20.4496,20.5514,20.3526,20.4108,21382208.865166
2022-06-07,20.2654,20.5417,20.1393,20.498,25759975.898643
2022-06-06,20.2847,20.4108,20.1975,20.3042,22691992.997433
2022-06-03,20.4205,20.5055,20.1684,20.2654,28667370.342899
2022-06-02,20.6145,20.6145,20.3042,20.5466,27933389.142386
2022-06-01,20.789,20.818,20.4787,20.5756,37054124.989989
2022-05-31,20.5466,20.7792,20.3333,20.6435,63441736.789314
2022-05-27,20.6629,20.7599,20.5078,20.6435,35239666.838883
2022-05-26,20.7308,20.8762,20.6241,20.6726,29387924.825362
2022-05-25,20.4787,20.7211,20.4205,20.6532,41437732.372518
2022-05-24,20.1684,20.5815,19.9744,20.5175,51402124.84356
2022-05-23,19.9065,20.2751,19.7999,20.1102,48239944.527297
2022-05-20,19.5963,19.7999,19.4799,19.7806,48900691.896582
2022-05-19,19.3151,19.7223,19.3054,19.5963,42890527.192135
2022-05-18,19.8872,20.0035,19.5139,19.6157,44700152.59105
2022-05-17,19.7806,20.0423,19.6254,19.9453,44283153.93757
2022-05-16,19.3248,19.7611,19.0776,19.6641,41280491.571053
2022-05-13,19.1405,19.257,18.9467,19.2375,35175460.126719
2022-05-12,18.8109,19.1405,18.8012,19.1212,54336966.7626
2022-05-11,18.9079,19.063,18.7042,18.84,51642353.673913
2022-05-10,19.063,19.2472,18.6557,18.7721,43795786.451921
2022-05-09,19.3733,19.4316,18.8788,18.9563,53178116.927391
2022-05-06,19.1987,19.4994,19.063,19.4217,53119872.259705
2022-05-05,19.1405,19.3829,19.0873,19.3442,57242103.653603
2022-05-04,18.6946,19.3684,18.6291,19.3442,62675046.333891
2022-05-03,18.5976,19.0824,18.4618,18.743,64638121.412405
2022-05-02,18.4231,18.8012,18.2873,18.5394,69667114.695185
2022-04-29,18.7721,18.7818,18.2389,18.2873,72393759.463411
2022-04-28,18.6655,18.9951,18.52,18.8303,69592672.16025
2022-04-27,18.646,18.7721,18.4134,18.4909,68857966.975093
2022-04-26,18.8593,19.0533,18.7139,18.7139,52417579.310119
2022-04-25,19.1648,19.2811,18.5297,18.9176,74111907.030612
2022-04-22,19.4363,19.4412,18.9079,18.9272,70628276.501396
2022-04-21,19.0824,19.732,19.0339,19.5963,83804594.871708
2022-04-20,18.9272,18.9951,18.7139,18.84,50278154.154559
2022-04-19,18.8981,19.0436,18.8012,18.8981,59296642.125391
2022-04-18,18.84,18.9758,18.7042,18.8691,56529327.365129
2022-04-14,18.7334,18.9951,18.6267,18.9467,54382507.665563
2022-04-13,18.5394,18.8981,18.4522,18.8303,66107984.530949
2022-04-12,18.8778,19.2317,18.649,18.6965,109636009.07841
2022-04-11,18.0565,18.8972,18.0178,18.7633,164758934.39485
2022-04-08,17.0771,17.4876,16.9827,17.4159,76550326.339048
2022-04-07,17.2498,17.3003,17.0266,17.1202,65761648.880385
2022-04-06,17.1561,17.4159,17.0229,17.3362,51640608.887276
2022-04-05,17.3003,17.4196,17.2066,17.2352,45997373.433313
2022-04-04,17.2066,17.4591,17.0047,17.4445,49424254.852832
2022-04-01,17.113,17.315,16.8751,17.3003,55884980.145739
2022-03-31,17.315,17.4159,17.0404,17.0478,72837599.55565
2022-03-30,17.3508,17.4232,17.2572,17.4159,44372921.815238
2022-03-29,17.2718,17.3581,17.2066,17.3076,46042464.409799
2022-03-28,17.315,17.3655,17.1056,17.2213,53359103.885583
2022-03-25,16.8818,17.1992,16.8312,17.1992,44113211.45461
2022-03-24,16.7668,16.8458,16.7089,16.8312,38963959.945594
2022-03-23,16.7448,16.9183,16.7163,16.7448,39970855.114463
2022-03-22,16.7807,16.9468,16.7236,16.7448,41490625.981036
2022-03-21,16.7522,16.9614,16.6585,16.7089,53381801.043473
2022-03-18,16.7375,16.8458,16.608,16.7522,93697764.728851
2022-03-17,16.6796,16.7879,16.5465,16.7302,43036970.463082
2022-03-16,16.7017,16.799,16.5722,16.7302,52126227.772887
2022-03-15,16.5787,16.7375,16.5281,16.6585,49297614.795781
2022-03-14,16.7668,16.7668,16.4564,16.5143,68763807.461234
2022-03-11,17.0266,17.0983,16.7017,16.7302,75525549.182017
2022-03-10,16.7522,16.7522,16.55,16.7302,56137858.540233
2022-03-09,16.8026,16.9688,16.7375,16.7807,60731583.753366
2022-03-08,16.9614,17.0478,16.5934,16.5934,70432206.384664
2022-03-07,17.0771,17.2176,16.9395,17.0047,52463702.304842
2022-03-04,17.0983,17.2352,16.9109,17.2213,50459219.837763
2022-03-03,17.2791,17.3836,17.0837,17.2498,51526934.535554
2022-03-02,17.0229,17.3471,16.9761,17.1846,47764507.931315
2022-03-01,17.0332,17.1414,16.7163,16.9761,60367680.443618
2022-02-28,17.0193,17.1342,16.889,17.0909,65733173.245536
2022-02-25,16.9183,17.3917,16.9109,17.2498,61795242.996061
2022-02-24,16.5648,16.8026,16.3409,16.7594,97325701.34695
2022-02-23,17.1707,17.2645,16.889,16.9614,52589034.723577
2022-02-22,17.1487,17.3866,17.0047,17.1342,65083913.740684
2022-02-18,17.1056,17.2857,16.99,17.2213,65531082.320892
2022-02-17,17.1919,17.2791,17.0266,17.1414,64606709.104564
2022-02-16,17.4371,17.5565,17.1561,17.2718,63507411.593726
2022-02-15,17.4371,17.6427,17.394,17.5601,45659622.889925
2022-02-14,17.3397,17.5096,17.1992,17.3508,60152924.420152
2022-02-11,17.506,17.6465,17.3222,17.4086,62902505.213017
2022-02-10,17.6465,17.784,17.4664,17.495,61172195.012478
2022-02-09,17.3222,17.7116,17.3003,17.6758,55516985.854668
2022-02-08,17.2286,17.3977,17.1868,17.2718,44127477.966291
2022-02-07,17.3435,17.3727,17.0515,17.2645,76601026.359731
2022-02-04,17.683,17.7042,17.3003,17.3727,72988901.644053
2022-02-03,17.6758,17.9677,17.6289,17.7189,66818965.32572
2022-02-02,17.4664,17.8199,17.3655,17.7042,98235644.08441
2022-02-01,17.4517,17.7475,17.4012,17.618,180685630.06234
2022-01-31,18.0145,18.4258,17.762,18.3973,135774061.00675
2022-01-28,17.3655,18.2093,17.2718,18.188,106849866.59053
2022-01-27,17.3581,17.6933,16.9973,17.4012,122180569.04181
2022-01-26,19.4651,19.4651,17.3581,17.495,197081563.10851
2022-01-25,18.8731,19.198,18.5416,19.1043,120882611.61972
2022-01-24,18.895,19.1761,18.6059,19.0033,107847740.83132
2022-01-21,19.3641,19.4789,19.0787,19.198,83453961.164475
2022-01-20,19.5728,19.7747,19.4504,19.4936,58269571.346239
2022-01-19,19.804,19.8253,19.3202,19.681,70605249.1557
2022-01-18,19.6305,19.815,19.4146,19.7029,84044554.576133
2022-01-14,19.2054,19.6452,19.0934,19.6093,76022849.363324
2022-01-13,19.1117,19.5295,18.9909,19.3349,68054132.879855
2022-01-12,18.9595,19.1255,18.8657,19.0824,50751300.053935
2022-01-11,19.2265,19.2844,18.8584,19.0033,62870572.603306
2022-01-10,19.0391,19.2163,18.9024,19.0896,80643280.732077
2022-01-07,18.693,19.1292,18.5921,18.9667,102768465.05224
2022-01-06,18.8863,18.9426,18.3417,18.4617,100149831.18788
2022-01-05,18.3842,18.9638,18.3842,18.5327,133914573.35694
2022-01-04,18.1368,18.2993,17.9883,18.1294,77889096.560431
2022-01-03,17.5184,18.0841,17.5184,17.9816,82286207.352972
2021-12-31,17.4795,17.5534,17.3698,17.394,63671694.417785
2021-12-30,17.4437,17.6414,17.4364,17.5213,57367246.25102
2021-12-29,17.5425,17.6208,17.394,17.4225,47777781.07512
2021-12-28,17.4928,17.762,17.4576,17.5499,59505502.714189
2021-12-27,17.5857,17.7409,17.4123,17.5213,72479388.640084
2021-12-23,17.5711,17.6911,17.5418,17.5857,61257738.060446
2021-12-22,17.2813,17.5601,17.1393,17.5213,72365102.144196
2021-12-21,17.1964,17.5528,17.1078,17.3025,103103460.94688
2021-12-20,16.9907,17.1751,16.7931,17.1041,109047879.5287
2021-12-17,16.8283,16.8568,16.4609,16.8144,152712188.45009
2021-12-16,16.0151,16.8919,16.0151,16.7652,160691696.70726
2021-12-15,15.7539,15.8388,15.5694,15.6756,100027115.41217
2021-12-14,15.8315,16.0715,15.7327,15.7612,109294296.24962
2021-12-13,16.0583,16.1213,15.7575,15.8666,93545008.798055
2021-12-10,16.2486,16.2984,16.0861,16.1499,56601095.904789
2021-12-09,16.2838,16.3131,16.0364,16.22,72938996.864229
2021-12-08,16.2771,16.6628,16.2486,16.3833,69211119.512731
2021-12-07,16.4718,16.5245,16.242,16.3196,88280448.731016
2021-12-06,16.6796,16.9277,16.425,16.4609,83600834.772429
2021-12-03,16.2771,16.6373,16.1996,16.5882,99767045.690127
2021-12-02,15.7539,16.4469,15.7539,16.2984,113175857.31292
2021-12-01,16.2632,16.4009,15.7107,15.718,113648421.67765
2021-11-30,16.7155,16.7433,15.9449,16.1425,197069521.08501
2021-11-29,17.1467,17.1539,16.8641,16.8919,74184037.975822
2021-11-26,17.0266,17.1964,16.9776,17.1261,41500141.543467
2021-11-24,17.4437,17.4782,17.2739,17.3025,47638096.061932
2021-11-23,17.4576,17.6699,17.4576,17.5074,62996436.549005
2021-11-22,17.0404,17.5784,17.02,17.4649,76282971.008315
2021-11-19,17.1964,17.2102,16.9416,17.0617,71377171.14692
2021-11-18,17.4152,17.4576,17.2454,17.2454,53125314.004466
2021-11-17,17.4152,17.4795,17.3662,17.4364,45677265.75927
2021-11-16,17.5287,17.5988,17.4152,17.4364,51445709.290183
2021-11-15,17.656,17.7123,17.4928,17.5359,56923128.826888
2021-11-12,17.6414,17.7306,17.6135,17.6347,38686314.307468
2021-11-11,17.6699,17.7475,17.5916,17.6208,42965655.667787
2021-11-10,17.4576,17.7694,17.4364,17.6414,66516623.496413
2021-11-09,17.5287,17.5711,17.3801,17.4723,64151765.746895
2021-11-08,17.7197,17.7694,17.4862,17.5916,65330722.616465
2021-11-05,17.5711,17.896,17.5565,17.7475,62880167.416545
2021-11-04,17.7694,17.8536,17.3515,17.5359,89227245.826589
2021-11-03,17.762,17.9107,17.7548,17.8045,51443687.028208
2021-11-02,17.967,18.0168,17.7694,17.8404,48932966.801722
2021-11-01,18.0022,18.0877,17.9209,17.9392,56952849.245966
2021-10-29,17.9392,18.0453,17.7832,17.8609,76668593.138405
2021-10-28,17.7694,18.1259,17.7409,18.0658,75072632.185504
2021-10-27,17.9523,18.0131,17.705,17.7197,56561870.854427
2021-10-26,18.1229,18.1719,17.9245,17.9392,51472780.272794
2021-10-25,17.9816,18.144,17.9033,18.1294,70184118.564823
2021-10-22,18.2144,18.2429,18.0058,18.0234,52510435.685987
2021-10-21,18.4691,18.589,18.1009,18.2144,78955022.649489
2021-10-20,18.1083,18.4478,18.0731,18.3205,68285269.225324
2021-10-19,18.0022,18.1009,17.8645,18.0943,49395153.409887
2021-10-18,18.0731,18.1368,17.8755,17.9107,63884805.303804
2021-10-15,18.1647,18.3417,18.1368,18.1719,67360682.851654
2021-10-14,17.9377,18.2495,17.9245,18.1155,80147765.060323
2021-10-13,17.8755,18.0022,17.6845,17.8895,86038040.310522
2021-10-12,18.3988,18.4017,17.9319,17.9816,108436504.64245
2021-10-11,18.8716,18.9287,18.4054,18.4054,91286938.778395
2021-10-08,19.1336,19.1753,18.9141,18.9287,55155964.268234
2021-10-07,19.0911,19.2543,19.0699,19.1548,68793363.913124
2021-10-06,18.9082,18.9601,18.7062,18.9426,80495893.360269
2021-10-05,18.936,19.0611,18.8423,18.9704,46441026.283748
2021-10-04,18.8943,19.0436,18.7904,18.9016,63039346.761901
2021-10-01,18.8211,19.0055,18.7346,18.8386,45472183.799851
2021-09-30,19.0611,19.0816,18.7346,18.7346,63975173.086256
2021-09-29,18.9221,19.1227,18.846,19.0055,45319665.621477
2021-09-28,19.0333,19.2412,18.8591,18.8943,47473479.837927
2021-09-27,18.846,19.179,18.8386,19.0055,46356636.471664
2021-09-24,18.832,18.9917,18.7977,18.8174,35287648.908083
2021-09-23,18.7691,18.9287,18.7427,18.8591,49052705.206585
2021-09-22,18.742,18.8701,18.7208,18.7346,45680278.656335
2021-09-21,18.9397,19.026,18.6864,18.7004,51309359.642862
2021-09-20,18.9498,18.9843,18.6864,18.8731,70377560.220342
2021-09-17,19.0187,19.3795,19.0187,19.0954,98006044.93132
2021-09-16,19.1161,19.2412,19.0362,19.1439,41423833.94732
2021-09-15,18.9704,19.179,18.9426,19.1227,48500988.415018
2021-09-14,19.1095,19.1512,18.9016,18.9572,41429209.338274
2021-09-13,18.963,19.2485,18.9572,19.0882,55717995.962271
2021-09-10,19.0611,19.0677,18.8386,18.8526,41645777.199158
2021-09-09,19.1227,19.1921,19.0121,19.0187,43345543.045504
2021-09-08,19.0472,19.2375,19.0472,19.1439,41352554.678247
2021-09-07,19.0538,19.1095,18.9806,19.0187,38041244.164249
2021-09-03,19.1716,19.2485,18.9498,19.1161,38995369.226698
2021-09-02,18.8526,19.3312,18.8386,19.1716,87911637.336796
2021-09-01,19.0333,19.0472,18.8247,18.8591,40884351.840705
2021-08-31,18.8591,19.0707,18.8108,19.0187,57381318.734863
2021-08-30,18.8108,18.936,18.7626,18.8877,43848803.434067
2021-08-27,18.7559,18.8628,18.6447,18.8174,46481181.847899
2021-08-26,19.0055,19.0187,18.7346,18.742,53636588.289306
2021-08-25,19.0399,19.0882,18.963,19.026,32349481.254834
2021-08-24,19.0954,19.1161,18.9843,19.0399,42230266.932271
2021-08-23,19.1577,19.2265,19.0743,19.0882,40308578.329987
2021-08-20,19.0882,19.3106,19.026,19.1227,40021940.458036
2021-08-19,19.2829,19.3172,19.0743,19.0954,54316483.696698
2021-08-18,19.4637,19.5251,19.2829,19.3033,39853686.895261
2021-08-17,19.4761,19.6093,19.4307,19.5529,28705156.116372
2021-08-16,19.5177,19.6217,19.4073,19.5602,29565112.090413
2021-08-13,19.4491,19.6019,19.4212,19.5529,31635081.685678
2021-08-12,19.5602,19.5742,19.3868,19.4351,27412787.24258
2021-08-11,19.4761,19.5742,19.4351,19.5324,29556040.605781
2021-08-10,19.2961,19.4981,19.2617,19.4834,32093016.078119
2021-08-09,19.4007,19.4212,19.2895,19.3172,36325354.877827
2021-08-06,19.3597,19.4834,19.3597,19.3941,33279844.739069
2021-08-05,19.3312,19.4285,19.3246,19.3795,30312706.816624
2021-08-04,19.4491,19.5054,19.2895,19.3172,42445652.863015
2021-08-03,19.4761,19.5947,19.3597,19.5529,41359374.346843
2021-08-02,19.5874,19.8026,19.4418,19.4981,46917266.246251
2021-07-30,19.678,19.6986,19.4285,19.4563,54067372.44833
2021-07-29,19.5529,19.733,19.4981,19.6217,45874467.728949
2021-07-28,19.5251,19.6217,19.3246,19.4285,45810084.646494
2021-07-27,19.4285,19.6949,19.3378,19.5602,49285367.813288
2021-07-26,19.4761,19.5874,19.4285,19.5455,52703162.71785
2021-07-23,19.4007,19.5654,19.3758,19.5251,43588860.78659
2021-07-22,19.6019,19.6641,19.2412,19.4285,53252436.398328
2021-07-21,19.4761,19.6291,19.3172,19.3525,44425340.7586
2021-07-20,19.22,19.5455,19.179,19.3597,50118446.832558
2021-07-19,19.4981,19.5602,19.0743,19.2755,83156804.797464
2021-07-16,19.7681,19.8589,19.6291,19.6569,37755827.847843
2021-07-15,19.5874,19.7681,19.5639,19.7205,39312489.965147
2021-07-14,19.6019,19.6707,19.5324,19.6019,46085537.22349
2021-07-13,19.7549,19.8515,19.5742,19.6093,41847922.779533
2021-07-12,19.6437,19.8237,19.58,19.7549,38753033.922342
2021-07-09,19.5947,19.7937,19.5874,19.733,49234645.930314
2021-07-08,19.6093,19.678,19.4834,19.5455,57696079.712209
2021-07-07,19.7733,19.8003,19.6576,19.7059,49325834.915095
2021-07-06,19.9445,19.9782,19.7205,19.7666,59027310.175765
2021-07-02,19.8288,19.9913,19.8222,19.9101,42114407.717781
2021-07-01,19.6788,19.9035,19.6576,19.8288,38751146.933297
2021-06-30,19.5215,19.6576,19.5149,19.6041,48371614.205119
2021-06-29,19.6166,19.7806,19.5149,19.5215,47364923.995233
2021-06-28,19.6913,19.6913,19.5822,19.6041,39777906.7269
2021-06-25,19.5486,19.7205,19.5215,19.6788,41070559.810483
2021-06-24,19.5559,19.6452,19.4878,19.6115,52673266.034046
2021-06-23,19.6166,19.6986,19.5082,19.5149,34905837.648702
2021-06-22,19.7133,19.7541,19.5968,19.6041,46043542.494055
2021-06-21,19.5631,19.7205,19.5288,19.7059,49338426.228681
2021-06-18,19.5016,19.5932,19.3517,19.5149,96463169.721676
2021-06-17,19.7806,19.8538,19.5559,19.5763,52429404.468456
2021-06-16,19.9445,19.9847,19.7469,19.7945,44632268.715269
2021-06-15,19.7945,19.9577,19.7806,19.9445,38482533.154402
2021-06-14,19.9101,19.9408,19.7256,19.815,39925049.51432
2021-06-11,19.9035,19.9913,19.8413,19.9716,45644065.136645
2021-06-10,19.7607,19.951,19.7541,19.8757,51027815.684862
2021-06-09,19.7205,19.8757,19.6715,19.7607,42909792.047099
2021-06-08,19.7733,19.7806,19.5669,19.7395,90699076.786798
2021-06-07,19.9577,19.9782,19.7607,19.8076,48580613.61392
2021-06-04,19.9167,19.9847,19.8823,19.9371,50150540.67667
2021-06-03,20.0667,20.1384,19.8823,19.9101,67404097.26365
2021-06-02,19.9577,20.1889,19.8559,20.1692,58772322.070129
2021-06-01,20.0667,20.1114,19.9035,19.9716,57839397.964987
2021-05-28,20.2365,20.2365,20.006,20.0463,60089262.793319
2021-05-27,20.1962,20.3668,20.1414,20.2365,69661413.034248
2021-05-26,20.0938,20.1889,20.0126,20.1275,48529084.192549
2021-05-25,20.2365,20.2643,19.9101,20.1077,85702924.173277
2021-05-24,20.4685,20.5431,20.2511,20.2643,69879110.902331
2021-05-21,20.4414,20.5981,20.339,20.4414,109502352.8471
2021-05-20,19.7607,20.2299,19.6913,20.1889,120296293.65247
2021-05-19,19.7879,19.8757,19.5288,19.7256,180041601.11075
2021-05-18,20.3528,20.4341,19.6788,20.1275,362697350.21691
2021-05-17,22.8251,23.0768,21.2794,21.3672,251717090.05893
2021-05-14,22.0215,22.1715,21.9476,21.96,31096940.010819
2021-05-13,21.6812,22.0384,21.5656,21.9402,39739088.861718
2021-05-12,21.8992,21.9981,21.7493,21.7763,46218894.469644
2021-05-11,22.1305,22.2534,21.8517,21.9739,49034165.983283
2021-05-10,22.0215,22.4109,21.9739,22.2256,60167900.089919
2021-05-07,21.9329,22.042,21.8385,21.9058,42501755.602516
2021-05-06,21.8239,22.0829,21.5992,22.0756,42752301.563772
2021-05-05,21.8033,21.8612,21.7148,21.8166,30589684.288459
2021-05-04,21.5245,21.8517,21.4909,21.8099,76177702.707725
2021-05-03,21.6475,21.6951,21.4323,21.4564,54986323.816334
2021-04-30,21.3606,21.4082,21.1491,21.395,45999357.436278
2021-04-29,21.204,21.4763,21.1908,21.3474,56489382.327348
2021-04-28,21.0949,21.2179,21.0474,21.089,41240875.260637
2021-04-27,21.0064,21.035,20.8629,20.9596,49023035.344057
2021-04-26,21.3746,21.3746,21.0408,21.054,66741706.719887
2021-04-23,21.4426,21.5992,21.3892,21.3892,59266173.474932
2021-04-22,21.3204,21.7221,21.2179,21.3606,159322636.28083
2021-04-21,20.407,20.5951,20.3697,20.5095,50440009.715386
2021-04-20,20.4143,20.448,20.3317,20.3602,39695442.162872
2021-04-19,20.4341,20.4854,20.3053,20.4283,43732504.240956
2021-04-16,20.3733,20.4546,20.3266,20.4005,44282407.828712
2021-04-15,20.2848,20.3266,20.2174,20.2643,38891136.652174
2021-04-14,20.1626,20.2943,19.9577,20.2511,45933706.340907
2021-04-13,20.339,20.339,20.1011,20.1823,60757855.39594
2021-04-12,20.4414,20.5431,20.3668,20.407,36495216.68543
2021-04-09,20.4685,20.5644,20.3733,20.4619,48912270.043515
2021-04-08,20.6382,20.6667,20.3865,20.4341,73224972.035464
2021-04-07,20.7678,20.8608,20.6273,20.7136,60699442.085492
2021-04-06,20.5665,20.7474,20.5534,20.7474,50270796.944566
2021-04-05,20.527,20.6537,20.4926,20.5665,57514128.057333
2021-04-01,20.2526,20.4128,20.1114,20.4063,48494724.868466
2021-03-31,20.527,20.527,20.2248,20.2723,67646341.019659
2021-03-30,20.4992,20.5863,20.3559,20.5797,52460645.683194
2021-03-29,20.3594,20.5234,20.2379,20.4663,55662584.617743
2021-03-26,20.2789,20.4926,20.1414,20.2979,94033684.305314
2021-03-25,20.0909,20.216,19.9643,20.1442,55264114.29214
2021-03-24,20.0769,20.2855,20.0711,20.0842,50078199.72006
2021-03-23,20.0572,20.2686,19.9643,20.0909,55127494.098959
2021-03-22,19.9437,20.0974,19.8099,20.0842,46832868.235806
2021-03-19,20.0974,20.131,19.8362,19.9305,110027511.05351
2021-03-18,20.1376,20.426,20.0842,20.0974,46734507.052979
2021-03-17,20.1721,20.2453,19.9643,20.1911,59639411.983208
2021-03-16,19.9239,20.118,19.8831,20.0842,56741417.657222
2021-03-15,20.104,20.1376,19.8757,20.044,63319162.232469
2021-03-12,20.0243,20.6713,19.9028,19.9643,104690262.96598
2021-03-11,20.0301,20.0909,19.7572,19.7827,54503917.321198
2021-03-10,20.0514,20.1947,19.8026,20.0842,65386263.76835
2021-03-09,20.0243,20.1838,19.8296,19.85,71602239.340068
2021-03-08,19.7827,20.3521,19.7023,20.0842,83588363.701447
2021-03-05,19.4277,19.9167,19.408,19.8362,87671838.058269
2021-03-04,19.2668,19.6356,19.187,19.3671,90716886.356116
2021-03-03,18.8716,19.3744,18.8716,19.2331,85510132.920933
2021-03-02,18.8058,19.0604,18.8058,18.8994,53344068.094513
2021-03-01,18.8584,19.0531,18.7647,18.8123,66303298.086656
2021-02-26,19.2075,19.2807,18.6777,18.6777,115734220.93844
2021-02-25,19.5288,19.5955,19.1467,19.1738,87406473.562467
2021-02-24,19.621,19.8172,19.5551,19.6759,51712445.644785
2021-02-23,19.8574,19.9643,19.4973,19.542,70121077.280516
2021-02-22,19.4154,19.8026,19.408,19.6356,52073825.226244
2021-02-19,19.6159,19.6429,19.408,19.4212,44352561.189765
2021-02-18,19.79,19.8172,19.5624,19.5756,40320485.080565
2021-02-17,19.3005,19.9167,19.288,19.8026,76581787.543096
2021-02-16,19.288,19.542,19.2405,19.4014,57787994.251792
2021-02-12,19.1541,19.3144,19.1467,19.288,42874224.831405
2021-02-11,19.0934,19.22,19.0604,19.214,50382274.135978
2021-02-10,19.1796,19.19,19.0728,19.1189,63117759.97001
2021-02-09,19.1936,19.2734,19.1262,19.1666,48959126.400052
2021-02-08,19.4014,19.4154,19.1666,19.2668,47885523.913845
2021-02-05,19.408,19.468,19.3275,19.3744,41168806.21628
2021-02-04,19.1006,19.3473,19.0626,19.3473,47369457.68796
2021-02-03,19.0934,19.2185,19.0531,19.0934,60301870.846632
2021-02-02,19.2734,19.3005,19.0063,19.1131,63915668.02762
2021-02-01,19.381,19.4045,18.9725,19.187,64030387.67016
2021-01-29,19.2734,19.4483,19.1336,19.1738,74742157.68605
2021-01-28,19.441,19.9035,19.2734,19.288,78605913.279206
2021-01-27,19.4446,20.2248,19.3948,19.5149,109826025.44106
2021-01-26,19.4886,19.9833,19.468,19.9239,75435013.3332
2021-01-25,19.2609,19.542,19.0802,19.4958,77517138.362609
2021-01-22,19.2945,19.4556,19.1343,19.3744,51850861.278666
2021-01-21,19.3619,19.471,19.2638,19.3078,41877466.933884
2021-01-20,19.4212,19.4277,19.2477,19.3948,48592525.830072
2021-01-19,19.6101,19.6759,19.3545,19.3876,60868854.349723
2021-01-15,19.3876,19.6159,19.3012,19.5354,60703284.383245
2021-01-14,19.187,19.9342,19.1072,19.6159,95354047.843538
2021-01-13,19.2807,19.288,19.0663,19.16,57949749.248382
2021-01-12,19.3341,19.3341,19.0934,19.2543,64865434.295676
2021-01-11,19.2477,19.4351,19.2075,19.3341,46075808.503714
2021-01-08,19.5149,19.5624,19.2543,19.4351,81733241.677994
2021-01-07,19.7557,19.8003,19.5317,19.6832,81794830.486303
2021-01-06,19.3539,19.7411,19.3238,19.6291,84308681.119671
2021-01-05,19.4131,19.5778,19.2097,19.2551,95325849.586515
2021-01-04,19.3399,19.4058,19.097,19.3729,99510969.935482
2020-12-31,18.7216,18.9521,18.682,18.9257,58691227.998509
2020-12-30,18.7808,18.8723,18.7076,18.7479,52195613.220947
2020-12-29,18.8797,19.0048,18.7611,18.7808,55644826.971366
2020-12-28,19.0377,19.0575,18.7553,18.7874,63245851.136668
2020-12-24,18.906,18.9257,18.7553,18.8797,29105458.775292
2020-12-23,18.7553,19.0377,18.7553,18.9191,59722817.992168
2020-12-22,19.0831,19.0904,18.6359,18.6894,97232343.896118
2020-12-21,19.0699,19.2214,18.9191,19.0904,72675485.197643
2020-12-18,19.4256,19.5317,19.2551,19.3465,113085848.89188
2020-12-17,19.7681,19.8208,19.4381,19.4922,93728743.59609
2020-12-16,20.0902,20.1296,19.8998,19.9328,52711925.397614
2020-12-15,20.1634,20.2021,19.9262,20.1238,50806882.197618
2020-12-14,20.5512,20.5768,20.0052,20.104,64792572.743247
2020-12-11,20.0249,20.4582,19.9986,20.407,47871420.002958
2020-12-10,20.4458,20.4722,20.0572,20.1955,71470564.123976
2020-12-09,20.3998,20.9859,20.3806,20.7027,107400457.47408
2020-12-08,19.4058,20.3536,19.3861,20.2746,111831549.09978
2020-12-07,19.5968,19.5968,19.4256,19.5054,52608468.934443
2020-12-04,19.3268,19.5829,19.288,19.4381,57328533.598116
2020-12-03,19.1035,19.2419,19.0179,19.2347,53122739.719627
2020-12-02,18.9653,19.2155,18.9418,19.1431,44809469.420894
2020-12-01,18.9653,19.1761,18.9155,18.9983,63921640.532414
2020-11-30,18.9983,19.097,18.8833,18.9191,65861175.596636
2020-11-27,19.1292,19.2097,19.0048,19.1035,23781788.537261
2020-11-25,19.2675,19.2741,19.0179,19.0773,37214375.402196
2020-11-24,19.0377,19.3729,19.0238,19.2347,66875565.432356
2020-11-23,18.682,18.8869,18.6564,18.8335,42274121.322888
2020-11-20,18.5701,18.7025,18.5306,18.6359,42883800.515138
2020-11-19,18.7611,18.7611,18.4983,18.6096,62883438.56193
2020-11-18,19.1168,19.1951,18.8269,18.8335,44918288.97748
2020-11-17,18.9397,19.1694,18.8723,19.1035,43423819.614291
2020-11-16,19.1563,19.2347,19.0179,19.0633,75903589.196091
2020-11-13,18.8006,19.0773,18.7354,19.0238,41774513.303421
2020-11-12,18.7553,18.8073,18.551,18.715,46341796.074827
2020-11-11,19.0633,19.0831,18.7076,18.906,60357489.882931
2020-11-10,18.7874,19.0633,18.7479,18.9843,67155088.494773
2020-11-09,18.584,18.9448,18.524,18.6228,107397721.95485
2020-11-06,18.09,18.2313,18.0182,18.0563,39867726.585667
2020-11-05,17.8931,18.3271,17.8857,18.1032,53368138.477597
2020-11-04,17.9056,18.0599,17.6758,17.7936,69116499.514557
2020-11-03,18.1032,18.2949,18.0308,18.0702,50580392.955514
2020-11-02,18.0308,18.1617,17.7738,17.9912,73021048.777501
2020-10-30,17.596,17.7936,17.5637,17.7812,73615115.560742
2020-10-29,17.4379,17.8001,17.3397,17.6099,67131123.323968
2020-10-28,17.5667,17.6889,17.4058,17.4379,74383726.781174
2020-10-27,17.9253,17.945,17.7013,17.7153,53440484.899781
2020-10-26,18.1828,18.196,17.8272,18.0182,63101495.791431
2020-10-23,18.6564,18.6959,18.2619,18.3058,64782313.8629
2020-10-22,18.3131,18.7553,18.2282,18.6096,136018168.52312
2020-10-21,17.6164,17.7153,17.4657,17.5835,72560671.273969
2020-10-20,17.7605,17.8462,17.544,17.6099,63200764.259363
2020-10-19,18.0533,18.0768,17.6493,17.6889,79214909.274843
2020-10-16,18.0841,18.1434,17.9788,17.9846,44564656.845617
2020-10-15,17.9722,18.0636,17.8404,18.0636,48760041.540505
2020-10-14,18.2341,18.393,18.0841,18.09,73644584.563465
2020-10-13,18.4324,18.5115,18.2152,18.2619,82077735.371957
2020-10-12,18.6228,18.6228,18.4324,18.5115,77818208.079822
2020-10-09,18.8401,18.8797,18.5774,18.6359,49688102.652152
2020-10-08,18.6359,18.8401,18.584,18.8269,48792990.746778
2020-10-07,18.6879,18.7231,18.5393,18.6096,64108673.8037
2020-10-06,18.5744,18.843,18.5196,18.5517,60606594.299334
2020-10-05,18.4097,18.5781,18.3256,18.5255,51787022.020714
2020-10-02,18.2671,18.6673,18.229,18.532,44412161.895927
2020-10-01,18.4288,18.5064,18.3118,18.4097,44322944.616573
2020-09-30,18.3396,18.5255,18.2766,18.4223,60491512.562587
2020-09-29,18.3256,18.3542,18.1771,18.2868,39419902.13671
2020-09-28,18.3008,18.5129,18.248,18.3396,47239624.369937
2020-09-25,18.0351,18.1632,17.9319,18.1193,55602146.312532
2020-09-24,18.0095,18.2583,17.9319,18.1193,51150260.914706
2020-09-23,18.4493,18.5356,17.9889,18.0095,67762852.003721
2020-09-22,18.4361,18.6945,18.3644,18.4223,43561412.679448
2020-09-21,18.6096,18.6228,18.2619,18.5005,70373924.247965
2020-09-18,18.7647,18.8811,18.6806,18.6945,70974050.985167
2020-09-17,18.8358,18.8943,18.7055,18.7838,48980436.668817
2020-09-16,18.8225,19.0882,18.8159,18.8943,47787511.16129
2020-09-15,18.8613,18.9595,18.7779,18.8159,40100074.921928
2020-09-14,18.8042,18.933,18.7399,18.8299,44450384.013662
2020-09-11,18.7127,18.8225,18.6096,18.7399,45915536.043777
2020-09-10,18.9843,18.9843,18.674,18.6806,73380289.953561
2020-09-09,19.146,19.1907,18.9784,18.9784,45839198.386979
2020-09-08,19.0611,19.127,18.7523,19.0684,71858201.684077
2020-09-04,19.146,19.3012,18.9067,19.0106,69385389.304884
2020-09-03,19.2433,19.4988,19.0106,19.1197,68600889.664009
2020-09-02,18.9784,19.2821,18.9455,19.1913,54364060.142463
2020-09-01,19.217,19.2236,18.9455,19.0429,72043603.481848
2020-08-31,19.482,19.4886,19.2566,19.2624,64197580.911791
2020-08-28,19.3459,19.4366,19.2624,19.4117,41535643.172287
2020-08-27,19.3919,19.4958,19.2653,19.3209,45827170.027402
2020-08-26,19.2749,19.4629,19.1913,19.3795,43084656.220307
2020-08-25,19.4432,19.4746,19.2749,19.3209,32540727.116438
2020-08-24,19.198,19.4175,19.1658,19.4045,40831419.133491
2020-08-21,19.2112,19.25,19.0816,19.1848,38509037.083822
2020-08-20,19.0949,19.3048,19.0611,19.1716,35481044.106233
2020-08-19,19.2624,19.3144,19.179,19.2112,38348558.298508
2020-08-18,19.2953,19.3399,19.236,19.25,33912652.86947
2020-08-17,19.4366,19.4366,19.2566,19.2887,38719195.194079
2020-08-14,19.2749,19.482,19.2301,19.3919,34894081.201379
